What is your name?,How many hours of sleep did you get yesterday?,Rate your roommate on a scale of 1-10,How good is the food?,Which group is the best in Cluster 11?
2,5.465999999999999,5,2,5
2,8.0,10,4,5
2,7.0,10,3,5
2,1.0,8,3,5
3,6.0,8,4,5
2,6.15,10,1,5
3,5.465999999999999,8,3,5
2,2.0,10,5,5
2,8.0,10,3,5
3,9.0,10,3,5
2,5.465999999999999,10,1,5
2,5.465999999999999,6,1,5
1,5.465999999999999,10,3,5
3,5.465999999999999,7,1,5
2,6.51,8,4,5
1,1.0,1,1,5
